order_id,date,region,product,quantity,unit_price,total
O-4100,2026-08-13,South,SENSOR S2,25,129.00,"3.225,00 €"
O-4101,03.08.2026,South,Sensor S2,4,129.00,516.00
O-4102,8/7/26,East,Sensor S2,34,129.00,4386.00
O-4103,2026-08-16,East,Sensor S1,31,89.00,2759.00
O-4104,19.08.2026,South,Service plan,33,35.00,1155.00
O-4105,8/16/26,South,Service Plan,-4,35.00,"-140,00 €"
O-4106,2026-08-17,East,Sensor S1,19,89.00,1691.00
O-4107,24.08.2026,North,Service Plan,26,35.00,910.00
O-4108,8/27/26,North,Gateway G-1,1,450.00,550.00
O-4109,2026-08-04,North,Service Plan,26,35.00,910.00
O-4110,23.08.2026,North,Gateway G1,2,450.00,"900,00 €"
O-4111,8/7/26,,Service Plan,35,35.00,1225.00
O-4112,2026-08-02,East,sensor s1,36,89.00,3204.00
O-4113,28.08.2026,East,Sensor S2,11,129.00,1419.00
O-4103,2026-08-16,East,Sensor S1,31,89.00,2759.00
O-4114,8/18/26,West,Service Plan,20,35.00,700.00
O-4115,2026-08-06,North,Service Plan,10,35.00,"350,00 €"
O-4116,12.08.2026,East,Gateway G-1,6,450.00,2700.00
O-4117,8/5/26,West,Sensor S2,21,129.00,2709.00
O-4118,2026-08-22,North,Gateway G1,5,450.00,2250.00
O-4119,08.08.2026,,Sensor S2,24,129.00,3096.00
O-4120,8/8/26,West,Gateway G-1,3,450.00,"1.350,00 €"
O-4121,2026-08-09,East,Sensor S1,29,89.00,2581.00
O-4122,14.08.2026,South,Gateway G1,6,450.00,2700.00
O-4123,8/6/26,North,Service Plan,9,35.00,315.00
O-4124,2026-08-10,North,SENSOR S2,12,129.00,1548.00
O-4125,11.08.2026,South,Sensor S1,26,89.00,"2.314,00 €"
O-4119,08.08.2026,,Sensor S2,24,129.00,3096.00
