customer_id,segment,paid_users,active_users_last_30_days,renewed_last_time,complained_about_price
C001,small,16,14,yes,yes
C002,mid,20,18,yes,no
C003,small,11,9,yes,no
C004,mid,25,24,yes,no
C005,mid,34,26,yes,no
C006,mid,100,96,yes,no
C007,small,19,17,yes,no
C008,mid,97,80,yes,no
C009,small,19,17,yes,no
C010,mid,32,30,yes,no
C011,small,16,13,yes,no
C012,large,398,203,yes,yes
C013,mid,46,40,yes,no
C014,small,15,14,yes,no
C015,large,247,181,yes,no
C016,large,184,121,yes,no
C017,mid,26,25,yes,no
C018,small,14,13,yes,no
C019,small,16,15,yes,no
C020,mid,31,24,yes,no
C021,mid,91,77,yes,no
C022,small,15,12,yes,no
C023,small,10,9,yes,no
C024,small,12,10,yes,yes
C025,large,379,205,yes,yes
C026,large,333,177,yes,no
C027,small,10,8,no,no
C028,small,14,12,yes,no
C029,mid,70,54,yes,yes
C030,mid,71,55,yes,no
C031,mid,21,17,yes,no
C032,mid,53,42,yes,no
C033,mid,51,39,yes,no
C034,small,16,14,yes,no
C035,small,19,16,yes,no
C036,small,14,12,yes,no
C037,large,169,97,yes,yes
C038,large,134,77,yes,yes
C039,large,270,95,yes,yes
C040,large,277,190,yes,no
C041,mid,52,42,yes,no
C042,mid,57,56,yes,no
C043,small,19,14,yes,no
C044,mid,97,91,yes,no
C045,mid,79,64,yes,no
C046,mid,42,40,yes,no
C047,mid,77,66,yes,no
C048,mid,43,33,yes,no
C049,mid,74,71,yes,yes
C050,mid,80,62,yes,no
C051,large,209,92,yes,yes
C052,small,14,12,yes,no
C053,mid,35,26,yes,no
C054,large,130,50,no,yes
C055,large,347,218,yes,no
C056,mid,22,19,yes,no
C057,small,18,14,yes,no
C058,mid,95,84,yes,no
C059,mid,85,75,yes,no
C060,mid,38,31,yes,no
C061,large,151,87,yes,no
C062,small,17,16,yes,no
C063,large,175,72,yes,yes
C064,small,18,15,yes,no
C065,small,13,10,yes,no
C066,small,19,17,yes,no
C067,large,387,260,yes,no
C068,small,16,15,yes,no
C069,mid,56,50,yes,no
C070,small,13,13,yes,no
C071,small,18,17,yes,no
C072,mid,32,24,yes,no
C073,small,16,12,yes,no
C074,mid,54,45,yes,no
C075,small,15,13,yes,no
C076,small,14,12,yes,no
C077,large,314,208,yes,no
C078,large,383,248,yes,no
C079,large,244,152,yes,no
C080,small,15,13,no,yes
C081,large,114,62,yes,yes
C082,mid,45,35,yes,no
C083,large,292,218,yes,no
C084,mid,38,35,yes,no
C085,small,14,12,yes,no
C086,mid,72,62,no,no
C087,mid,59,54,yes,no
C088,small,14,11,yes,no
C089,small,13,10,yes,no
C090,large,120,64,yes,yes
C091,large,143,103,yes,no
C092,mid,24,19,yes,no
C093,large,226,84,yes,yes
C094,mid,42,36,no,no
C095,mid,48,39,yes,no
C096,mid,55,44,yes,no
C097,mid,24,23,yes,no
C098,small,15,14,yes,no
C099,large,239,125,no,yes
C100,mid,48,45,yes,no
C101,mid,63,52,yes,no
C102,small,19,18,yes,no
C103,mid,96,89,yes,no
C104,mid,100,86,yes,no
C105,mid,90,84,yes,no
C106,mid,81,77,yes,no
C107,mid,57,46,yes,no
C108,large,280,147,yes,yes
C109,mid,77,72,yes,no
C110,mid,81,69,yes,no
C111,small,16,16,yes,no
C112,mid,38,32,yes,no
C113,small,13,11,yes,no
C114,small,13,13,yes,no
C115,mid,91,77,yes,no
C116,large,279,145,yes,yes
C117,mid,79,76,yes,no
C118,mid,59,47,no,no
C119,mid,60,56,yes,no
C120,small,10,8,yes,no
C121,large,226,94,yes,no
C122,mid,27,26,yes,no
C123,large,253,130,yes,yes
C124,mid,97,87,yes,no
C125,large,363,240,no,no
C126,large,367,160,yes,yes
C127,mid,30,28,no,no
C128,mid,40,35,yes,no
C129,mid,78,73,yes,no
C130,mid,58,51,yes,no
C131,large,175,116,yes,no
C132,large,131,62,no,yes
C133,mid,97,92,yes,no
C134,large,314,167,yes,yes
C135,small,12,10,no,no
C136,large,331,165,yes,yes
C137,mid,96,91,yes,no
C138,small,17,15,yes,no
C139,mid,52,48,yes,no
C140,mid,82,64,yes,no
C141,mid,43,37,yes,no
C142,mid,59,57,yes,no
C143,small,16,12,yes,no
C144,mid,91,79,yes,no
C145,mid,41,33,yes,no
C146,mid,30,29,yes,no
C147,mid,80,68,yes,no
C148,mid,34,29,yes,no
C149,small,11,10,yes,no
C150,mid,44,35,yes,no
C151,mid,20,18,yes,no
C152,mid,56,42,no,no
C153,large,191,135,yes,no
C154,mid,96,80,yes,no
C155,small,15,12,yes,no
C156,large,110,64,no,yes
C157,mid,63,54,yes,no
C158,mid,27,24,yes,no
C159,small,18,16,yes,no
C160,mid,39,35,yes,no
C161,small,17,14,yes,no
C162,small,12,11,no,no
C163,large,121,56,yes,yes
C164,large,191,73,yes,no
C165,large,350,208,yes,no
C166,mid,58,45,no,no
C167,mid,26,23,yes,no
C168,mid,93,79,yes,no
C169,mid,87,70,yes,no
C170,mid,60,51,yes,no
C171,small,17,14,yes,no
C172,mid,81,64,yes,no
C173,mid,39,30,yes,no
C174,mid,60,47,yes,no
C175,mid,50,41,yes,no
C176,large,269,178,yes,no
C177,large,323,207,yes,no
C178,small,11,9,yes,no
C179,mid,74,58,yes,yes
C180,mid,84,81,yes,no
