id,statement
P01,Pricing looks fair to me. When can we start?
P02,This is too expensive for what we have left in the budget.
P03,It gets really expensive once we grow past 100 users because of the tiers.
P04,Way too much for a reporting tool nobody asked for.
P05,The cancellation terms are too strict for the price you're asking.
P06,Wow. Okay. That's steep.
P07,We've already spent this year's budget.
P08,We'd expect a discount for an order of this size.
P09,There are open-source alternatives that cost nothing.
P10,Too expensive. Give me a number I can say yes to.
P11,"It's more than we wanted to spend, so where can you meet us?"
P12,Can you sharpen your pencil a bit?
P13,The quote is in line with what we expected.
P14,"Honestly, that number is way above what we expected to pay."
P15,We have an offer from Brightline on the table that is considerably cheaper.
P16,The quote is above what we expected; surely there's room for negotiation.
P17,I don't see how this pays for itself.
P18,How do I know the results will be as good as you promise?
P19,"Even with a discount, headquarters has stopped all purchases above five thousand euros."
P20,Please send the contract; the numbers are approved.
P21,We never pay list price.
P22,"We were thinking more in the range of ten thousand, not thirty."
P23,It's too expensive for what it does.
P24,What can you do on the price?
P25,Thirty days payment terms don't work for us; we need sixty.
P26,That's too much. Take 10% off and we have a deal.
P27,I can't justify the cost with the savings you've shown.
P28,"We'd only ever use the reporting part, so paying for the full suite makes no sense."
P29,"Nice to have, but not worth that kind of money."
P30,I nearly fell off my chair when I saw the quote.
P31,Steep. What's your real price?
P32,There's a spending freeze until the end of the quarter.
P33,"€48,000 a year? That's simply too much for us."
P34,We currently pay our existing provider about a third less than your quote.
P35,That's a huge amount. We could build this in-house for less.
P36,What's the lowest you can go? We only have eight thousand left for this year.
P37,Can you match the price we got from the other vendor?
P38,I need to check the data protection terms with our legal team first.
P39,We're happy with the offer. Can you deliver by March?
P40,Your quote is roughly double what I had in mind.
P41,Why do we have to pay per user? Half of our people log in once a month.
P42,"The premium version costs twice as much, but I don't see twice the benefit."
P43,Procurement benchmarked three suppliers and you are the most expensive one.
P44,For a company our size this is just too expensive.
P45,Why is support charged separately?
P46,We paid for a similar tool two years ago and nobody used it.
P47,We decided to postpone the project; it has nothing to do with your offer.
P48,"Come back in January, when the new budget is released."
P49,The bundle forces us to buy modules we don't need.
P50,"The licence price is okay, but with the setup fee on top it's simply too much."
P51,A three-year commitment is too long for us.
P52,Your competitor quoted us 20% less for the same scope.
P53,Thirty thousand is a lot. Our whole budget line for this is twenty.
P54,"If you can get to the level of the second offer we have, we'll sign today."
P55,"The price is fine, but we need single sign-on before we can buy."
P56,"Our concern is the implementation time, not the cost."
P57,Give me 15% off and I still couldn't sign; the funds are committed to another project.
P58,Forty thousand for saving one hour a week? That's absurd.
P59,The automatic 5% increase every year makes this too expensive over time.
P60,What exactly do we get for that money?
