id,label
P01,atlas
P02,harbor
P03,delta
P04,compass
P05,delta
P06,ember
P07,harbor
P08,bridge
P09,falcon
P10,bridge
P11,bridge
P12,bridge
P13,atlas
P14,ember
P15,falcon
P16,bridge
P17,compass
P18,compass
P19,harbor
P20,atlas
P21,bridge
P22,ember
P23,compass
P24,bridge
P25,delta
P26,bridge
P27,compass
P28,delta
P29,compass
P30,ember
P31,bridge
P32,harbor
P33,ember
P34,falcon
P35,falcon
P36,harbor
P37,falcon
P38,atlas
P39,atlas
P40,ember
P41,delta
P42,compass
P43,falcon
P44,ember
P45,delta
P46,compass
P47,atlas
P48,harbor
P49,delta
P50,delta
P51,delta
P52,falcon
P53,harbor
P54,falcon
P55,atlas
P56,atlas
P57,harbor
P58,compass
P59,delta
P60,compass
