proposal_id,year,sector,budget_ceiling_eur,our_fee_eur,weeks,outcome
B001,2023,industrial goods,200000,188000,9,won
B002,2025,energy,180000,134000,10,won
B003,2025,utilities,240000,228000,7,lost
B004,2024,energy,180000,179000,10,lost
B005,2024,software,120000,116000,11,won
B006,2023,banking,80000,66000,10,won
B007,2023,energy,120000,86000,8,won
B008,2023,telecom,300000,220000,14,won
B009,2022,furniture,120000,88000,15,won
B010,2024,banking,180000,169000,14,won
B011,2024,banking,200000,183000,6,won
B012,2026,retail,150000,131000,11,lost
B013,2024,energy,300000,274000,7,lost
B014,2026,banking,240000,170000,12,won
B015,2025,retail,300000,293000,8,lost
B016,2022,telecom,150000,149000,6,lost
B017,2023,furniture,200000,194000,13,lost
B018,2024,furniture,240000,198000,9,lost
B019,2023,energy,150000,130000,15,lost
B020,2025,energy,100000,78000,10,lost
B021,2026,industrial goods,120000,86000,14,won
B022,2023,energy,120000,115000,16,lost
B023,2026,banking,100000,80000,14,lost
B024,2023,industrial goods,120000,105000,8,lost
B025,2026,telecom,120000,110000,11,won
B026,2024,furniture,100000,98000,15,lost
B027,2025,software,300000,223000,11,won
B028,2024,energy,80000,61000,14,won
B029,2022,energy,150000,133000,16,lost
B030,2023,energy,150000,113000,15,lost
B031,2023,energy,300000,275000,14,lost
B032,2024,industrial goods,100000,97000,11,lost
B033,2023,energy,180000,175000,11,lost
B034,2025,energy,80000,65000,6,won
B035,2025,telecom,180000,154000,7,lost
B036,2026,energy,300000,279000,7,lost
B037,2023,banking,180000,133000,11,lost
B038,2024,retail,100000,95000,15,won
B039,2024,energy,80000,76000,13,lost
B040,2026,industrial goods,120000,104000,9,lost
B041,2022,banking,180000,133000,13,lost
B042,2026,industrial goods,300000,219000,7,lost
B043,2022,furniture,80000,79000,11,lost
B044,2025,energy,120000,86000,8,won
B045,2026,software,100000,74000,16,won
B046,2025,utilities,300000,263000,11,won
B047,2022,energy,200000,154000,14,lost
B048,2025,industrial goods,180000,136000,10,won
B049,2023,banking,150000,123000,11,won
B050,2024,banking,200000,179000,15,won
B051,2022,rail,150000,135000,11,lost
B052,2024,retail,100000,85000,14,won
B053,2023,banking,80000,58000,10,won
B054,2022,energy,200000,183000,8,lost
B055,2024,utilities,150000,133000,10,won
B056,2023,software,100000,92000,15,won
B057,2025,banking,200000,165000,7,won
B058,2025,telecom,240000,175000,12,lost
B059,2026,software,100000,97000,6,lost
B060,2025,telecom,150000,105000,10,won
B061,2023,furniture,100000,71000,8,lost
B062,2025,consumer goods,100000,77000,16,won
B063,2025,furniture,300000,235000,15,lost
B064,2022,utilities,200000,145000,16,lost
B065,2024,industrial goods,300000,272000,7,lost
B066,2024,software,180000,158000,6,won
B067,2023,energy,100000,87000,8,lost
B068,2022,telecom,300000,237000,14,won
B069,2026,energy,240000,200000,15,won
B070,2023,utilities,120000,105000,6,won
B071,2026,industrial goods,180000,162000,15,lost
B072,2023,consumer goods,240000,231000,9,won
B073,2024,telecom,200000,141000,13,won
B074,2024,energy,300000,267000,15,lost
B075,2022,energy,120000,99000,16,won
B076,2026,energy,120000,110000,12,lost
B077,2024,banking,200000,148000,6,won
B078,2026,rail,120000,90000,14,lost
B079,2024,software,300000,253000,11,lost
B080,2022,utilities,100000,91000,13,lost
B081,2022,banking,300000,265000,9,won
B082,2024,energy,120000,90000,6,lost
B083,2025,software,80000,63000,16,won
B084,2024,furniture,180000,156000,6,lost
B085,2024,software,200000,149000,14,lost
B086,2024,energy,180000,170000,13,lost
B087,2024,retail,300000,299000,11,lost
B088,2026,industrial goods,240000,188000,10,lost
B089,2022,energy,180000,159000,11,lost
B090,2024,rail,200000,160000,16,won
B091,2023,utilities,180000,145000,15,won
B092,2025,telecom,120000,96000,10,won
B093,2024,rail,120000,95000,11,lost
B094,2023,retail,200000,145000,16,lost
B095,2022,banking,80000,72000,7,won
B096,2023,energy,150000,150000,15,lost
B097,2025,consumer goods,180000,177000,7,lost
B098,2026,consumer goods,80000,72000,9,lost
B099,2024,retail,80000,59000,12,won
B100,2025,utilities,240000,199000,12,lost
